{
  "timestamp": "2026-03-23T23:01:35.575670",
  "sizing": {
    "l1": 6,
    "l2c": 10,
    "l3": 10,
    "monthly_avg": 4643.153846153843,
    "worst_day": -513.48,
    "max_dd": -3417.4399999999987,
    "total_pnl": 60360.99999999996
  },
  "new_strategies": [
    {
      "name": "L1_MomCont",
      "params": {
        "z": 1.5,
        "atr_m": 1.0,
        "trail": 8,
        "hold": 15
      },
      "yr1_pnl": 24322.920000000035,
      "yr2_pnl": 30807.48000000006
    }
  ],
  "refined": {
    "L1": {
      "params": {
        "z_threshold": 1.35,
        "lookback": 50,
        "stop_ticks": 20,
        "max_hold": 35
      },
      "yr1_pnl": 19058.160000000236,
      "yr2_pnl": 66714.71999999849
    },
    "L2C": {
      "params": {
        "ema_fast": 8,
        "ema_slow": 13,
        "trail_ticks": 6,
        "max_hold": 25
      },
      "yr1_pnl": 16912.200000000048,
      "yr2_pnl": 17534.80000000006
    },
    "L3": {
      "params": {
        "range_mult": 0.8,
        "ema_pullback": 5,
        "trail_ticks": 9,
        "max_hold": 25
      },
      "yr1_pnl": 33432.399999999914,
      "yr2_pnl": 28268.199999999957
    }
  },
  "combined": {
    "total_pnl": 237050.88000000268,
    "yr1_pnl": 93725.6799999991,
    "yr2_pnl": 143325.20000000024,
    "yr1_monthly": 7810.473333333259,
    "yr2_monthly": 11943.766666666686,
    "monthly": {
      "2024-03": 2173.7199999999975,
      "2024-04": 4783.1600000000035,
      "2024-05": 955.7999999999931,
      "2024-06": 9241.320000000003,
      "2024-07": 7099.0000000000055,
      "2024-08": 4711.360000000001,
      "2024-09": 15597.79999999997,
      "2024-10": 4810.6399999999985,
      "2024-11": 3869.1599999999967,
      "2024-12": 19464.68000000001,
      "2025-01": 6209.960000000001,
      "2025-02": 7874.480000000005,
      "2025-03": 8130.240000000005,
      "2025-04": 12862.839999999993,
      "2025-05": 2564.1199999999917,
      "2025-06": 7168.5200000000095,
      "2025-07": 161.27999999999156,
      "2025-08": 5250.440000000001,
      "2025-09": 61690.43999999975,
      "2025-10": 1063.439999999992,
      "2025-11": 10522.159999999987,
      "2025-12": 11360.080000000029,
      "2026-01": 3265.8399999999924,
      "2026-02": 10622.79999999999,
      "2026-03": 15597.59999999999
    },
    "monthly_trades": {
      "2024-03": 63,
      "2024-04": 160,
      "2024-05": 165,
      "2024-06": 166,
      "2024-07": 165,
      "2024-08": 159,
      "2024-09": 183,
      "2024-10": 161,
      "2024-11": 139,
      "2024-12": 163,
      "2025-01": 151,
      "2025-02": 136,
      "2025-03": 164,
      "2025-04": 158,
      "2025-05": 164,
      "2025-06": 163,
      "2025-07": 157,
      "2025-08": 143,
      "2025-09": 211,
      "2025-10": 164,
      "2025-11": 139,
      "2025-12": 180,
      "2026-01": 156,
      "2026-02": 133,
      "2026-03": 121
    },
    "worst_day": -769.2,
    "best_day": 62960.39999999996,
    "max_drawdown": -2185.4800000000105,
    "consistency_pct": 26.559867653728702,
    "months_gte_7k": 13,
    "months_gte_3500": 19,
    "months_profitable": 25,
    "months_zero_trades": 0,
    "avg_trades_per_day": 7.502912621359223,
    "total_trades": 3864,
    "n_months": 25
  }
}