{
  "timestamp": "2026-03-23T22:21:29.321000",
  "surviving_layers": [
    {
      "name": "L1_VWAP_MR",
      "params": {
        "z_threshold": 1.5,
        "lookback": 50,
        "stop_ticks": 16,
        "max_hold": 30
      },
      "yr1_pnl": 4728.119999999962,
      "yr1_trades": 1129,
      "yr1_monthly_avg": 394.0099999999968,
      "yr2_pnl": 12907.800000000349,
      "yr2_trades": 1160,
      "yr2_monthly_avg": 1075.650000000029
    },
    {
      "name": "L2C_Afternoon Trend",
      "params": {
        "ema_fast": 8,
        "ema_slow": 13,
        "trail_ticks": 8,
        "max_hold": 30
      },
      "yr1_pnl": 2888.439999999996,
      "yr1_trades": 247,
      "yr1_monthly_avg": 240.703333333333,
      "yr2_pnl": 3010.959999999996,
      "yr2_trades": 248,
      "yr2_monthly_avg": 250.913333333333
    },
    {
      "name": "L3_VolMom",
      "params": {
        "range_mult": 1.0,
        "ema_pullback": 5,
        "trail_ticks": 12,
        "max_hold": 30
      },
      "yr1_pnl": 6644.04,
      "yr1_trades": 118,
      "yr1_monthly_avg": 553.67,
      "yr2_pnl": 5847.180000000004,
      "yr2_trades": 106,
      "yr2_monthly_avg": 487.2650000000003
    }
  ],
  "combined": {
    "total_pnl": 36026.539999999804,
    "yr1_pnl": 14260.600000000135,
    "yr2_pnl": 21765.940000000348,
    "monthly": {
      "2024-03": -283.7000000000005,
      "2024-04": 169.3399999999993,
      "2024-05": -745.3200000000029,
      "2024-06": 2248.0199999999986,
      "2024-07": -40.68000000000117,
      "2024-08": 318.4399999999981,
      "2024-09": 4874.2399999999925,
      "2024-10": 531.2399999999988,
      "2024-11": -797.9800000000025,
      "2024-12": 7604.199999999995,
      "2025-01": -103.5000000000017,
      "2025-02": -1.2600000000014973,
      "2025-03": 89.7199999999983,
      "2025-04": 939.2599999999978,
      "2025-05": -784.7800000000032,
      "2025-06": -322.1400000000026,
      "2025-07": -979.7400000000027,
      "2025-08": 117.3399999999983,
      "2025-09": 16100.500000000047,
      "2025-10": -424.86000000000263,
      "2025-11": 2510.0599999999977,
      "2025-12": 1157.4599999999975,
      "2026-01": -971.6600000000024,
      "2026-02": 1085.2399999999977,
      "2026-03": 3737.1000000000026
    },
    "monthly_trades": {
      "2024-03": 46,
      "2024-04": 127,
      "2024-05": 130,
      "2024-06": 132,
      "2024-07": 126,
      "2024-08": 122,
      "2024-09": 148,
      "2024-10": 124,
      "2024-11": 107,
      "2024-12": 130,
      "2025-01": 115,
      "2025-02": 106,
      "2025-03": 131,
      "2025-04": 124,
      "2025-05": 131,
      "2025-06": 127,
      "2025-07": 124,
      "2025-08": 110,
      "2025-09": 157,
      "2025-10": 129,
      "2025-11": 108,
      "2025-12": 139,
      "2026-01": 118,
      "2026-02": 106,
      "2026-03": 91
    },
    "worst_day": -328.18000000000006,
    "max_drawdown": -3168.8799999999883,
    "consistency_pct": 47.264266843277476,
    "months_gte_7k": 2,
    "months_gte_3500": 4,
    "months_profitable": 14,
    "months_zero_trades": 0,
    "avg_trades_per_day": 5.840776699029126,
    "total_trades": 3008
  }
}