{
  "timestamp": "2026-03-24T09:14:34.054090",
  "v2_sizing": {
    "L2C": 10,
    "L3": 10,
    "L4": 6
  },
  "opt_sizing": {
    "L2C": 15,
    "L3": 15,
    "L4": 15
  },
  "params": {
    "L2C": {
      "ema_fast": 8,
      "ema_slow": 13,
      "trail_ticks": 6,
      "max_hold": 25
    },
    "L3": {
      "range_mult": 0.8,
      "ema_pullback": 5,
      "trail_ticks": 9,
      "max_hold": 25
    },
    "L4": {
      "z": 1.5,
      "atr_m": 1.0,
      "trail": 8,
      "hold": 15
    }
  },
  "y1_combined": {
    "pnl": 74667.5199999992,
    "trades": 678,
    "wr": 73.00884955752213,
    "monthly_avg": 5743.655384615324,
    "worst_month": 2033.079999999999,
    "best_month": 9521.000000000004,
    "worst_day": -102.24000000000001,
    "best_day": 1666.7599999999998,
    "max_dd": -153.07999999999447,
    "monthly": {
      "2024-03": 2033.079999999999,
      "2024-04": 5438.7200000000075,
      "2024-05": 3245.8799999999983,
      "2024-06": 5187.600000000007,
      "2024-07": 7428.880000000009,
      "2024-08": 5407.120000000005,
      "2024-09": 5391.560000000003,
      "2024-10": 5976.080000000007,
      "2024-11": 4933.560000000001,
      "2024-12": 5548.760000000005,
      "2025-01": 6697.760000000006,
      "2025-02": 9521.000000000004,
      "2025-03": 7857.520000000006
    },
    "monthly_tc": {
      "2024-03": 19,
      "2024-04": 61,
      "2024-05": 58,
      "2024-06": 54,
      "2024-07": 63,
      "2024-08": 55,
      "2024-09": 54,
      "2024-10": 60,
      "2024-11": 54,
      "2024-12": 56,
      "2025-01": 56,
      "2025-02": 53,
      "2025-03": 35
    },
    "trades_per_day": 2.6381322957198443,
    "consistency": 2.2322423458017857,
    "n_months": 13,
    "months_profitable": 13,
    "months_gte_5k": 10,
    "months_gte_7k": 3
  },
  "y2_combined": {
    "pnl": 76610.47999999924,
    "trades": 663,
    "wr": 73.60482654600303,
    "monthly_avg": 5893.113846153788,
    "worst_month": 2498.2399999999993,
    "best_month": 12087.159999999996,
    "worst_day": -92.84,
    "best_day": 3064.7599999999998,
    "max_dd": -106.08000000000175,
    "monthly": {
      "2025-03": 2498.2399999999993,
      "2025-04": 12087.159999999996,
      "2025-05": 5527.520000000001,
      "2025-06": 4601.36,
      "2025-07": 2507.279999999999,
      "2025-08": 4063.1599999999985,
      "2025-09": 2732.5199999999986,
      "2025-10": 3932.879999999998,
      "2025-11": 9442.999999999998,
      "2025-12": 6594.520000000005,
      "2026-01": 6427.960000000005,
      "2026-02": 11247.99999999999,
      "2026-03": 4946.880000000003
    },
    "monthly_tc": {
      "2025-03": 21,
      "2025-04": 55,
      "2025-05": 54,
      "2025-06": 52,
      "2025-07": 57,
      "2025-08": 55,
      "2025-09": 54,
      "2025-10": 63,
      "2025-11": 53,
      "2025-12": 54,
      "2026-01": 58,
      "2026-02": 53,
      "2026-03": 34
    },
    "trades_per_day": 2.5697674418604652,
    "consistency": 4.00044484775455,
    "n_months": 13,
    "months_profitable": 13,
    "months_gte_5k": 6,
    "months_gte_7k": 3
  },
  "blind_combined": {
    "pnl": 149159.39999999924,
    "trades": 1551,
    "wr": 70.92198581560284,
    "monthly_avg": 5327.121428571401,
    "worst_month": 1194.1199999999997,
    "best_month": 10183.600000000004,
    "worst_day": -162.24,
    "best_day": 1830.7599999999998,
    "max_dd": -360.9200000000419,
    "monthly": {
      "2021-12": 1194.1199999999997,
      "2022-01": 9479.56,
      "2022-02": 5800.600000000003,
      "2022-03": 7455.680000000008,
      "2022-04": 10183.600000000004,
      "2022-05": 9203.320000000003,
      "2022-06": 8748.120000000006,
      "2022-07": 6991.160000000006,
      "2022-08": 7333.6800000000085,
      "2022-09": 7751.32000000001,
      "2022-10": 6803.1600000000035,
      "2022-11": 5558.320000000003,
      "2022-12": 6810.760000000007,
      "2023-01": 4911.160000000003,
      "2023-02": 5020.800000000004,
      "2023-03": 4188.679999999999,
      "2023-04": 2373.039999999999,
      "2023-05": 1556.479999999999,
      "2023-06": 4432.119999999999,
      "2023-07": 4137.359999999998,
      "2023-08": 5524.480000000001,
      "2023-09": 2564.9599999999987,
      "2023-10": 4453.719999999998,
      "2023-11": 3231.5199999999986,
      "2023-12": 1517.7999999999993,
      "2024-01": 3645.919999999998,
      "2024-02": 5734.560000000004,
      "2024-03": 2553.3999999999996
    },
    "monthly_tc": {
      "2021-12": 26,
      "2022-01": 59,
      "2022-02": 54,
      "2022-03": 61,
      "2022-04": 59,
      "2022-05": 57,
      "2022-06": 60,
      "2022-07": 55,
      "2022-08": 61,
      "2022-09": 62,
      "2022-10": 60,
      "2022-11": 52,
      "2022-12": 61,
      "2023-01": 55,
      "2023-02": 51,
      "2023-03": 61,
      "2023-04": 53,
      "2023-05": 64,
      "2023-06": 60,
      "2023-07": 57,
      "2023-08": 64,
      "2023-09": 53,
      "2023-10": 61,
      "2023-11": 54,
      "2023-12": 51,
      "2024-01": 58,
      "2024-02": 54,
      "2024-03": 28
    },
    "trades_per_day": 2.674137931034483,
    "consistency": 1.227384931824618,
    "n_months": 28,
    "months_profitable": 28,
    "months_gte_5k": 15,
    "months_gte_7k": 7
  },
  "y2_opt": {
    "pnl": 145723.19999999873,
    "trades": 663,
    "wr": 73.60482654600303,
    "monthly_avg": 11209.476923076825,
    "worst_month": 4979.400000000001,
    "best_month": 21379.200000000015,
    "worst_day": -179.7,
    "best_day": 4646.699999999999,
    "max_dd": -179.6999999999971,
    "monthly": {
      "2025-03": 4979.400000000001,
      "2025-04": 20794.500000000015,
      "2025-05": 10770.599999999991,
      "2025-06": 8512.799999999994,
      "2025-07": 5659.799999999998,
      "2025-08": 7879.4999999999945,
      "2025-09": 5078.1,
      "2025-10": 7528.199999999993,
      "2025-11": 16256.69999999999,
      "2025-12": 14288.099999999995,
      "2026-01": 12548.699999999992,
      "2026-02": 21379.200000000015,
      "2026-03": 10047.599999999997
    },
    "monthly_tc": {
      "2025-03": 21,
      "2025-04": 55,
      "2025-05": 54,
      "2025-06": 52,
      "2025-07": 57,
      "2025-08": 55,
      "2025-09": 54,
      "2025-10": 63,
      "2025-11": 53,
      "2025-12": 54,
      "2026-01": 58,
      "2026-02": 53,
      "2026-03": 34
    },
    "trades_per_day": 2.5697674418604652,
    "consistency": 3.188716690273093,
    "n_months": 13,
    "months_profitable": 13,
    "months_gte_5k": 12,
    "months_gte_7k": 10
  },
  "blind_opt": {
    "pnl": 285453.8999999984,
    "trades": 1551,
    "wr": 70.92198581560284,
    "monthly_avg": 10194.782142857086,
    "worst_month": 2613.9000000000005,
    "best_month": 18747.599999999995,
    "worst_day": -280.79999999999995,
    "best_day": 3551.7000000000003,
    "max_dd": -468.89999999990687,
    "monthly": {
      "2021-12": 2613.9000000000005,
      "2022-01": 17315.1,
      "2022-02": 11363.099999999995,
      "2022-03": 14150.39999999999,
      "2022-04": 18747.599999999995,
      "2022-05": 17202.29999999999,
      "2022-06": 16936.499999999993,
      "2022-07": 13384.49999999999,
      "2022-08": 14420.399999999992,
      "2022-09": 13944.299999999988,
      "2022-10": 13786.499999999993,
      "2022-11": 10297.799999999992,
      "2022-12": 12822.89999999999,
      "2023-01": 9484.499999999995,
      "2023-02": 9116.399999999992,
      "2023-03": 7407.8999999999905,
      "2023-04": 4714.199999999998,
      "2023-05": 3129.6000000000017,
      "2023-06": 8491.499999999996,
      "2023-07": 8314.799999999997,
      "2023-08": 10899.599999999993,
      "2023-09": 5209.200000000001,
      "2023-10": 8712.899999999996,
      "2023-11": 6450.599999999997,
      "2023-12": 3663.900000000001,
      "2024-01": 7021.199999999995,
      "2024-02": 10530.599999999991,
      "2024-03": 5321.7
    },
    "monthly_tc": {
      "2021-12": 26,
      "2022-01": 59,
      "2022-02": 54,
      "2022-03": 61,
      "2022-04": 59,
      "2022-05": 57,
      "2022-06": 60,