{
  "timestamp": "2026-03-24T12:49:13.667692",
  "cost_per_trade_15c": 56.7,
  "survivors": [
    {
      "name": "L4",
      "params": {
        "sl": 30,
        "tp": 300,
        "hold": 60,
        "contracts": 15,
        "use_be": true
      },
      "y1_monthly": 414.85384615384817,
      "y1_trades": 257,
      "y2_monthly": 241.45384615384688,
      "y2_trades": 258,
      "blind_monthly": 628.9821428571319,
      "blind_trades": 580
    }
  ],
  "combined_y2": {
    "pnl": 3138.9000000000096,
    "n": 258,
    "wr": 27.131782945736433,
    "avg": 12.166279069767453,
    "monthly_avg": 241.45384615384688,
    "worst_month": -3969.8999999999974,
    "worst_day": -296.7,
    "best_day": 2178.3,
    "max_dd": -8648.699999999995,
    "monthly": {
      "2025-03": 1649.6999999999998,
      "2025-04": -418.20000000000005,
      "2025-05": 1692.5999999999997,
      "2025-06": -455.7000000000005,
      "2025-07": 1665.9,
      "2025-08": -913.2,
      "2025-09": -3969.8999999999974,
      "2025-10": 450.8999999999999,
      "2025-11": -1741.5,
      "2025-12": 2727.6000000000004,
      "2026-01": -3200.7,
      "2026-02": 3561.0000000000036,
      "2026-03": 2090.4
    },
    "bars_mean": 1.693798449612403,
    "bars_min": 1,
    "bars_max": 9,
    "sharpe": 0.3287124783539476,
    "n_months": 13,
    "months_pos": 7,
    "same_bar_exits": 0
  },
  "combined_blind": {
    "pnl": 17611.49999999969,
    "n": 580,
    "wr": 31.896551724137932,
    "avg": 30.364655172413794,
    "monthly_avg": 628.9821428571319,
    "worst_month": -5153.999999999998,
    "worst_day": -296.7,
    "best_day": 2178.3,
    "max_dd": -10723.800000000083,
    "monthly": {
      "2021-12": -2390.4,
      "2022-01": 4704.300000000003,
      "2022-02": -1276.5000000000002,
      "2022-03": 98.3999999999993,
      "2022-04": 2098.500000000001,
      "2022-05": 2570.0999999999995,
      "2022-06": 3725.1000000000004,
      "2022-07": 744.2999999999997,
      "2022-08": 2310.9000000000005,
      "2022-09": 612.6000000000001,
      "2022-10": 5169.300000000001,
      "2022-11": -512.4000000000001,
      "2022-12": 4284.3,
      "2023-01": 2784.3,
      "2023-02": -5153.999999999998,
      "2023-03": -1874.0999999999979,
      "2023-04": -484.79999999999984,
      "2023-05": -2061.6000000000004,
      "2023-06": -279.9000000000005,
      "2023-07": 1359.3,
      "2023-08": 4815.9,
      "2023-09": -2525.7,
      "2023-10": 1782.5999999999997,
      "2023-11": -2192.4000000000005,
      "2023-12": -631.5000000000003,
      "2024-01": -249.89999999999992,
      "2024-02": -2968.1999999999985,
      "2024-03": 3153.0
    },
    "bars_mean": 2.367241379310345,
    "bars_min": 1,
    "bars_max": 60,
    "sharpe": 0.9079330273134609,
    "n_months": 28,
    "months_pos": 15,
    "same_bar_exits": 0
  },
  "all_monthly": {
    "2024-03": 1386.8999999999999,
    "2024-04": -377.39999999999964,
    "2024-05": 360.8999999999997,
    "2024-06": -3278.999999999998,
    "2024-07": 1748.4,
    "2024-08": 717.600000000001,
    "2024-09": -4760.699999999998,
    "2024-10": 3090.9000000000015,
    "2024-11": -140.7,
    "2024-12": 1216.8000000000004,
    "2025-01": 2941.800000000001,
    "2025-02": 4093.500000000001,
    "2025-03": 3196.7999999999993,
    "2025-04": -418.20000000000005,
    "2025-05": 1692.5999999999997,
    "2025-06": -455.7000000000005,
    "2025-07": 1665.9,
    "2025-08": -913.2,
    "2025-09": -3969.8999999999974,
    "2025-10": 450.8999999999999,
    "2025-11": -1741.5,
    "2025-12": 2727.6000000000004,
    "2026-01": -3200.7,
    "2026-02": 3561.0000000000036,
    "2026-03": 2090.4,
    "2021-12": -2390.4,
    "2022-01": 4704.300000000003,
    "2022-02": -1276.5000000000002,
    "2022-03": 98.3999999999993,
    "2022-04": 2098.500000000001,
    "2022-05": 2570.0999999999995,
    "2022-06": 3725.1000000000004,
    "2022-07": 744.2999999999997,
    "2022-08": 2310.9000000000005,
    "2022-09": 612.6000000000001,
    "2022-10": 5169.300000000001,
    "2022-11": -512.4000000000001,
    "2022-12": 4284.3,
    "2023-01": 2784.3,
    "2023-02": -5153.999999999998,
    "2023-03": -1874.0999999999979,
    "2023-04": -484.79999999999984,
    "2023-05": -2061.6000000000004,
    "2023-06": -279.9000000000005,
    "2023-07": 1359.3,
    "2023-08": 4815.9,
    "2023-09": -2525.7,
    "2023-10": 1782.5999999999997,
    "2023-11": -2192.4000000000005,
    "2023-12": -631.5000000000003,
    "2024-01": -249.89999999999992,
    "2024-02": -2968.1999999999985
  },
  "months_profitable": 29,
  "total_months": 52,
  "mc_baseline": {
    "label": "Baseline",
    "pass_rate": 0.0,
    "blowup": 0.9952
  },
  "mc_conservative": {
    "label": "Conservative 70%",
    "pass_rate": 0.0,
    "blowup": 0.8596
  },
  "verdict": "REAL EDGE \u2014 READY FOR DEMO"
}