{
  "timestamp": "2026-03-24T09:02:05.981942",
  "y2_total_trades": 1950,
  "y2_total_pnl": 143325.20000000024,
  "baseline": {
    "label": "Baseline",
    "n_sims": 5000,
    "pnl_mult": 1.0,
    "eval_pass_rate": 1.0,
    "blowup_rate": 0.0,
    "median_days_to_pass": 29,
    "p95_days_to_pass": 57,
    "median_max_dd": -1479.2800000000025,
    "p95_max_dd": -1059.4019999999996,
    "median_final_pnl": 143325.19999999995,
    "p5_final_pnl": 143325.19999999984,
    "p5_worst_month": 701.3060000000007,
    "prob_monthly_7k": 0.39524615384615386,
    "prob_all_months_positive": 0.775
  },
  "conservative": {
    "label": "Conservative (70%)",
    "n_sims": 5000,
    "pnl_mult": 0.7,
    "eval_pass_rate": 1.0,
    "blowup_rate": 0.0,
    "median_days_to_pass": 39,
    "p95_days_to_pass": 71,
    "median_max_dd": -1035.496000000004,
    "p95_max_dd": -741.5814000000001,
    "median_final_pnl": 100327.63999999994,
    "p5_final_pnl": 100327.63999999987,
    "p5_worst_month": 490.91420000000016,
    "prob_monthly_7k": 0.23967692307692307,
    "prob_all_months_positive": 0.775
  },
  "baseline_verdict": "PASS",
  "conservative_verdict": "PASS"
}