{
  "timestamp": "2026-03-24 19:35:45.629931",
  "insight": "Adaptive improves both returns and risk",
  "schemes": {
    "Scheme A (1-5c)": {
      "y2": {
        "pnl": 95932.80000000147,
        "n": 1695,
        "wr": 26.843657817109147,
        "monthly_avg": 7379.446153846267,
        "worst_month": 2585.6800000000035,
        "worst_day": -1255.44,
        "max_dd": -2404.1800000000003,
        "n_months": 13,
        "months_pos": 13,
        "avg_c": 3.578171091445428,
        "trades_per_day": 6.673228346456693,
        "sharpe": 7.43666030880696
      },
      "blind": {
        "pnl": 67073.62000000037,
        "n": 3903,
        "wr": 24.212144504227517,
        "monthly_avg": 2395.486428571442,
        "worst_month": -1503.9599999999991,
        "worst_day": -1182.52,
        "max_dd": -3732.8599999999933,
        "n_months": 28,
        "months_pos": 19,
        "avg_c": 2.1447604406866514,
        "trades_per_day": 6.823426573426573,
        "sharpe": 3.470540740369021
      },
      "mc": {
        "baseline": {
          "pass_rate": 0.9746,
          "blowup": 0.0254
        },
        "conservative": {
          "pass_rate": 0.9988,
          "blowup": 0.0012
        }
      }
    },
    "Scheme B (2-4c)": {
      "y2": {
        "pnl": 97614.26000000186,
        "n": 1695,
        "wr": 26.843657817109147,
        "monthly_avg": 7508.789230769374,
        "worst_month": 2297.500000000003,
        "worst_day": -1255.44,
        "max_dd": -2348.4000000000015,
        "n_months": 13,
        "months_pos": 13,
        "avg_c": 3.6035398230088496,
        "trades_per_day": 6.673228346456693,
        "sharpe": 7.6497573667840575
      },
      "blind": {
        "pnl": 68613.32000000052,
        "n": 3903,
        "wr": 24.212144504227517,
        "monthly_avg": 2450.475714285733,
        "worst_month": -1621.1199999999972,
        "worst_day": -1182.52,
        "max_dd": -3814.25999999998,
        "n_months": 28,
        "months_pos": 20,
        "avg_c": 2.1985652062516015,
        "trades_per_day": 6.823426573426573,
        "sharpe": 3.5141402435458615
      },
      "mc": {
        "baseline": {
          "pass_rate": 0.979,
          "blowup": 0.021
        },
        "conservative": {
          "pass_rate": 0.9992,
          "blowup": 0.0008
        }
      }
    },
    "ATR stops": {
      "y2": {
        "pnl": 418.26000000000977,
        "n": 1188,
        "wr": 45.370370370370374,
        "monthly_avg": 32.1738461538469,
        "worst_month": -4357.899999999998,
        "worst_day": -4142.58,
        "max_dd": -12408.399999999994,
        "n_months": 13,
        "months_pos": 6,
        "avg_c": 1.1851851851851851,
        "trades_per_day": 4.677165354330708,
        "sharpe": 0.04436138922695911
      },
      "blind": {
        "pnl": -21718.619999998882,
        "n": 2825,
        "wr": 43.716814159292035,
        "monthly_avg": -775.6649999999601,
        "worst_month": -4675.499999999998,
        "worst_day": -1971.6799999999998,
        "max_dd": -24366.500000000087,
        "n_months": 28,
        "months_pos": 8,
        "avg_c": 1.0810619469026548,
        "trades_per_day": 4.938811188811189,
        "sharpe": -1.6805988242490493
      },
      "mc": {
        "baseline": {
          "pass_rate": 0.0,
          "blowup": 0.9952
        },
        "conservative": {
          "pass_rate": 0.0,
          "blowup": 0.9308
        }
      }
    }
  }
}