{
  "timestamp": "2026-03-24 19:06:40.485686",
  "combo": [
    "EMA",
    "RSI",
    "IB",
    "MOM"
  ],
  "contracts": 3,
  "total_contracts": 12,
  "correlation": -0.005269392157986608,
  "y1": {
    "pnl": 90868.2000000028,
    "n": 2345,
    "wr": 26.35394456289979,
    "monthly_avg": 6989.861538461754,
    "worst_month": -0.1199999999995498,
    "worst_day": -1177.74,
    "best_day": 3682.259999999999,
    "max_dd": -2124.7200000000084,
    "bars_mean": 2.0375266524520255,
    "n_months": 13,
    "months_pos": 12,
    "consistency": 4.052308728465938,
    "trades_per_day": 9.124513618677042
  },
  "y2": {
    "pnl": 113140.32000000517,
    "n": 2377,
    "wr": 26.293647454774927,
    "monthly_avg": 8703.101538461937,
    "worst_month": 3665.6999999999907,
    "worst_day": -1073.4,
    "best_day": 3489.24,
    "max_dd": -1962.0599999999977,
    "bars_mean": 1.8981909970551114,
    "monthly": {
      "2025-03": 6630.599999999999,
      "2025-04": 20406.059999999972,
      "2025-05": 6714.899999999988,
      "2025-06": 5030.39999999999,
      "2025-07": 6656.759999999984,
      "2025-08": 3665.6999999999907,
      "2025-09": 7405.919999999993,
      "2025-10": 5313.599999999992,
      "2025-11": 11103.719999999988,
      "2025-12": 9323.21999999998,
      "2026-01": 8691.839999999984,
      "2026-02": 12608.03999999998,
      "2026-03": 9589.559999999989
    },
    "n_months": 13,
    "months_pos": 13,
    "consistency": 3.083993398639707,
    "trades_per_day": 9.249027237354085
  },
  "blind": {
    "pnl": 122815.86000001282,
    "n": 5396,
    "wr": 24.46256486286138,
    "monthly_avg": 4386.280714286172,
    "worst_month": -3046.980000000007,
    "worst_day": -1490.7599999999998,
    "best_day": 2887.9199999999996,
    "max_dd": -5349.719999999987,
    "bars_mean": 2.143439584877687,
    "monthly": {
      "2021-12": 1541.5800000000004,
      "2022-01": 10865.099999999993,
      "2022-02": 7015.919999999988,
      "2022-03": 9498.599999999986,
      "2022-04": 3361.9799999999896,
      "2022-05": 12709.859999999973,
      "2022-06": 9230.099999999977,
      "2022-07": 734.34,
      "2022-08": 6735.359999999976,
      "2022-09": 5795.759999999994,
      "2022-10": 7407.599999999985,
      "2022-11": 6925.139999999978,
      "2022-12": 6574.739999999977,
      "2023-01": 4234.319999999973,
      "2023-02": 7211.639999999996,
      "2023-03": 2257.0799999999967,
      "2023-04": -3046.980000000007,
      "2023-05": 411.83999999999935,
      "2023-06": 3438.8399999999947,
      "2023-07": 1188.780000000001,
      "2023-08": 7251.179999999981,
      "2023-09": 1773.7799999999936,
      "2023-10": 5357.999999999996,
      "2023-11": -2628.600000000009,
      "2023-12": 851.2800000000041,
      "2024-01": -921.78,
      "2024-02": -999.8399999999996,
      "2024-03": 8040.239999999996
    },
    "n_months": 28,
    "months_pos": 24,
    "consistency": 2.3514226908476625,
    "trades_per_day": 9.303448275862069
  },
  "mc_baseline": {
    "pass_rate": 0.9904,
    "blowup": 0.0096,
    "med_days": 21,
    "p95_days": 36
  },
  "mc_conservative": {
    "pass_rate": 0.9996,
    "blowup": 0.0004,
    "med_days": 29,
    "p95_days": 47
  },
  "all_monthly": {
    "2024-03": 8040.119999999996,
    "2024-04": 8252.939999999993,
    "2024-05": 4117.679999999998,
    "2024-06": 5440.919999999978,
    "2024-07": 9982.199999999992,
    "2024-08": 7637.639999999991,
    "2024-09": 6930.05999999999,
    "2024-10": 4081.7399999999952,
    "2024-11": 4699.97999999999,
    "2024-12": 9083.279999999977,
    "2025-01": 8979.839999999984,
    "2025-02": 11948.27999999998,
    "2025-03": 16344.359999999986,
    "2025-04": 20406.059999999972,
    "2025-05": 6714.899999999988,
    "2025-06": 5030.39999999999,
    "2025-07": 6656.759999999984,
    "2025-08": 3665.6999999999907,
    "2025-09": 7405.919999999993,
    "2025-10": 5313.599999999992,
    "2025-11": 11103.719999999988,
    "2025-12": 9323.21999999998,
    "2026-01": 8691.839999999984,
    "2026-02": 12608.03999999998,
    "2026-03": 9589.559999999989,
    "2021-12": 1541.5800000000004,
    "2022-01": 10865.099999999993,
    "2022-02": 7015.919999999988,
    "2022-03": 9498.599999999986,
    "2022-04": 3361.9799999999896,
    "2022-05": 12709.859999999973,
    "2022-06": 9230.099999999977,
    "2022-07": 734.34,
    "2022-08": 6735.359999999976,
    "2022-09": 5795.759999999994,
    "2022-10": 7407.599999999985,
    "2022-11": 6925.139999999978,
    "2022-12": 6574.739999999977,
    "2023-01": 4234.319999999973,
    "2023-02": 7211.639999999996,
    "2023-03": 2257.0799999999967,
    "2023-04": -3046.980000000007,
    "2023-05": 411.83999999999935,
    "2023-06": 3438.8399999999947,
    "2023-07": 1188.780000000001,
    "2023-08": 7251.179999999981,
    "2023-09": 1773.7799999999936,
    "2023-10": 5357.999999999996,
    "2023-11": -2628.600000000009,
    "2023-12": 851.2800000000041,
    "2024-01": -921.78,
    "2024-02": -999.8399999999996
  },
  "months_profitable": 48,
  "total_months": 52,
  "verdict": "READY FOR DEMO \u2014 $8,703/month with 99% MC pass rate"
}