{
  "timestamp": "2026-03-24 19:49:54.014906",
  "results": {
    "Baseline": {
      "pnl": 263536.0200000229,
      "n": 13797,
      "monthly_avg": 2635.360200000229,
      "months_pos": 66,
      "n_months": 100,
      "worst_month": -3129.780000000005,
      "max_dd": -31017.06000000026,
      "sharpe": 3.5343212334377814
    },
    "Opt1: Drop IB": {
      "pnl": 418916.64000002533,
      "n": 12828,
      "monthly_avg": 4189.166400000253,
      "months_pos": 69,
      "n_months": 100,
      "worst_month": -4560.600000000004,
      "max_dd": -34777.26000000032,
      "sharpe": 3.8412455717914846
    },
    "Opt2: Vol 15%": {
      "pnl": 228995.7600000191,
      "n": 11136,
      "monthly_avg": 2360.781030928032,
      "months_pos": 62,
      "n_months": 97,
      "worst_month": -3129.780000000005,
      "max_dd": -27989.16000000022,
      "sharpe": 3.7387084520812737
    },
    "Opt2: Vol 25%": {
      "pnl": 193836.9000000171,
      "n": 10090,
      "monthly_avg": 2106.9228260871423,
      "months_pos": 57,
      "n_months": 92,
      "worst_month": -3094.9800000000037,
      "max_dd": -25086.540000000194,
      "sharpe": 3.5544538160890884
    },
    "Opt2: Vol 33%": {
      "pnl": 181870.92000001573,
      "n": 9287,
      "monthly_avg": 2066.715000000179,
      "months_pos": 58,
      "n_months": 88,
      "worst_month": -3133.3800000000024,
      "max_dd": -22468.56000000017,
      "sharpe": 3.642559632852705
    },
    "Opt3: Re-optimized": {
      "pnl": 229449.36000001355,
      "n": 6196,
      "monthly_avg": 2294.4936000001353,
      "months_pos": 83,
      "n_months": 100,
      "worst_month": -1902.959999999999,
      "max_dd": -6937.5599999999995,
      "sharpe": 4.6928858007984475
    },
    "Opt4: Multi-TF MOM": {
      "pnl": 263579.8000000273,
      "n": 27119,
      "monthly_avg": 2635.798000000273,
      "months_pos": 62,
      "n_months": 100,
      "worst_month": -3619.1200000000013,
      "max_dd": -42695.380000000034,
      "sharpe": 3.004900092165085
    },
    "Opt5: Asym sizing": {
      "pnl": 277566.3400000187,
      "n": 12828,
      "monthly_avg": 2775.6634000001873,
      "months_pos": 67,
      "n_months": 100,
      "worst_month": -3179.319999999998,
      "max_dd": -17763.33999999999,
      "sharpe": 3.8950000395372775
    },
    "Combined: DropIB+Vol25%": {
      "pnl": 306675.3600000147,
      "n": 9384,
      "monthly_avg": 3333.4278260871165,
      "months_pos": 59,
      "n_months": 92,
      "worst_month": -4560.600000000004,
      "max_dd": -31297.140000000258,
      "sharpe": 3.861303078330022
    }
  },
  "best": "Opt3: Re-optimized",
  "best_monthly_avg": 2294.4936000001353,
  "best_sharpe": 4.6928858007984475
}