{
  "timestamp": "2026-03-24 21:21:52.903029",
  "best_config": "No limit (4:45)",
  "best_limit": null,
  "best_session": 1645,
  "results_summary": {
    "Y2_No limit_3:45": {
      "pnl": 81853.20000000311,
      "n": 1695,
      "wr": 26.843657817109147,
      "monthly_avg": 6296.40000000024,
      "worst_month": 1929.420000000001,
      "worst_day": -941.5800000000002,
      "max_dd": -1761.300000000003,
      "n_months": 13,
      "months_pos": 13,
      "sharpe": 7.870751521447606,
      "trades_per_mo": 130.3846153846154,
      "days_stopped": 0
    },
    "Y2_No limit_4:45": {
      "pnl": 93563.1000000043,
      "n": 1885,
      "wr": 25.9946949602122,
      "monthly_avg": 7197.161538461869,
      "worst_month": 2738.999999999998,
      "worst_day": -1252.08,
      "max_dd": -1927.0199999999968,
      "n_months": 13,
      "months_pos": 13,
      "sharpe": 8.113381749734215,
      "trades_per_mo": 145.0,
      "days_stopped": 0
    },
    "Y2_$3K_3:45": {
      "pnl": 81853.20000000311,
      "n": 1695,
      "wr": 26.843657817109147,
      "monthly_avg": 6296.40000000024,
      "worst_month": 1929.420000000001,
      "worst_day": -941.5800000000002,
      "max_dd": -1761.300000000003,
      "n_months": 13,
      "months_pos": 13,
      "sharpe": 7.870751521447606,
      "trades_per_mo": 130.3846153846154,
      "days_stopped": 0
    },
    "Y2_$3K_4:45": {
      "pnl": 93563.1000000043,
      "n": 1885,
      "wr": 25.9946949602122,
      "monthly_avg": 7197.161538461869,
      "worst_month": 2738.999999999998,
      "worst_day": -1252.08,
      "max_dd": -1927.0199999999968,
      "n_months": 13,
      "months_pos": 13,
      "sharpe": 8.113381749734215,
      "trades_per_mo": 145.0,
      "days_stopped": 0
    },
    "Y2_$2.5K_3:45": {
      "pnl": 81853.20000000311,
      "n": 1695,
      "wr": 26.843657817109147,
      "monthly_avg": 6296.40000000024,
      "worst_month": 1929.420000000001,
      "worst_day": -941.5800000000002,
      "max_dd": -1761.300000000003,
      "n_months": 13,
      "months_pos": 13,
      "sharpe": 7.870751521447606,
      "trades_per_mo": 130.3846153846154,
      "days_stopped": 0
    },
    "Y2_$2.5K_4:45": {
      "pnl": 93563.1000000043,
      "n": 1885,
      "wr": 25.9946949602122,
      "monthly_avg": 7197.161538461869,
      "worst_month": 2738.999999999998,
      "worst_day": -1252.08,
      "max_dd": -1927.0199999999968,
      "n_months": 13,
      "months_pos": 13,
      "sharpe": 8.113381749734215,
      "trades_per_mo": 145.0,
      "days_stopped": 0
    },
    "Y2_$2K_3:45": {
      "pnl": 81853.20000000311,
      "n": 1695,
      "wr": 26.843657817109147,
      "monthly_avg": 6296.40000000024,
      "worst_month": 1929.420000000001,
      "worst_day": -941.5800000000002,
      "max_dd": -1761.300000000003,
      "n_months": 13,
      "months_pos": 13,
      "sharpe": 7.870751521447606,
      "trades_per_mo": 130.3846153846154,
      "days_stopped": 0
    },
    "Y2_$2K_4:45": {
      "pnl": 93563.1000000043,
      "n": 1885,
      "wr": 25.9946949602122,
      "monthly_avg": 7197.161538461869,
      "worst_month": 2738.999999999998,
      "worst_day": -1252.08,
      "max_dd": -1927.0199999999968,
      "n_months": 13,
      "months_pos": 13,
      "sharpe": 8.113381749734215,
      "trades_per_mo": 145.0,
      "days_stopped": 0
    },
    "Y2_$1.5K_3:45": {
      "pnl": 81853.20000000311,
      "n": 1695,
      "wr": 26.843657817109147,
      "monthly_avg": 6296.40000000024,
      "worst_month": 1929.420000000001,
      "worst_day": -941.5800000000002,
      "max_dd": -1761.300000000003,
      "n_months": 13,
      "months_pos": 13,
      "sharpe": 7.870751521447606,
      "trades_per_mo": 130.3846153846154,
      "days_stopped": 0
    },
    "Y2_$1.5K_4:45": {
      "pnl": 93563.1000000043,
      "n": 1885,
      "wr": 25.9946949602122,
      "monthly_avg": 7197.161538461869,
      "worst_month": 2738.999999999998,
      "worst_day": -1252.08,
      "max_dd": -1927.0199999999968,
      "n_months": 13,
      "months_pos": 13,
      "sharpe": 8.113381749734215,
      "trades_per_mo": 145.0,
      "days_stopped": 0
    },
    "Blind_No limit_3:45": {
      "pnl": 66294.48000000877,
      "n": 3903,
      "wr": 24.212144504227517,
      "monthly_avg": 2367.660000000313,
      "worst_month": -2636.46,
      "worst_day": -1386.4199999999998,
      "max_dd": -4130.580000000003,
      "n_months": 28,
      "months_pos": 18,
      "sharpe": 3.192600886461207,
      "trades_per_mo": 139.39285714285714,
      "days_stopped": 0
    },
    "Blind_No limit_4:45": {
      "pnl": 112156.14000001186,
      "n": 4329,
      "wr": 24.000924000924,
      "monthly_avg": 4005.576428571852,
      "worst_month": -2422.38,
      "worst_day": -1490.7599999999998,
      "max_dd": -3714.300000000001,
      "n_months": 28,
      "months_pos": 25,
      "sharpe": 4.893392927393035,
      "trades_per_mo": 154.60714285714286,
      "days_stopped": 0
    },
    "Blind_$3K_3:45": {
      "pnl": 66294.48000000877,
      "n": 3903,
      "wr": 24.212144504227517,
      "monthly_avg": 2367.660000000313,
      "worst_month": -2636.46,
      "worst_day": -1386.4199999999998,
      "max_dd": -4130.580000000003,
      "n_months": 28,
      "months_pos": 18,
      "sharpe": 3.192600886461207,
      "trades_per_mo": 139.39285714285714,
      "days_stopped": 0
    },
    "Blind_$3K_4:45": {
      "pnl": 112156.14000001186,
      "n": 4329,
      "wr": 24.000924000924,
      "monthly_avg": 4005.576428571852,
      "worst_month": -2422.38,
      "worst_day": -1490.7599999999998,
      "max_dd": -3714.300000000001,
      "n_months": 28,
      "months_pos": 25,
      "sharpe": 4.893392927393035,
      "trades_per_mo": 154.60714285714286,
      "days_stopped": 0
    },
    "Blind_$2.5K_3:45": {
      "pnl": 66294.48000000877,
      "n": 3903,
      "wr": 24.212144504227517,
      "monthly_avg": 2367.660000000313,
      "worst_month": -2636.46,
      "worst_day": -1386.4199999999998,
      "max_dd": -4130.580000000003,
      "n_months": 28,
      "months_pos": 18,
      "sharpe": 3.192600886461207,
      "trades_per_mo": 139.39285714285714,
      "days_stopped": 0
    },
    "Blind_$2.5K_4:45": {
      "pnl": 112156.14000001186,
      "n": 4329,
      "wr": 24.000924000924,
      "monthly_avg": 4005.576428571852,
      "worst_month": -2422.38,
      "worst_day": -1490.7599999999998,
      "max_dd": -3714.300000000001,
      "n_months": 28,
      "months_pos": 25,
      "sharpe": 4.893392927393035,
      "trades_per_mo": 154.60714285714286,
      "days_stopped": 0
    },
    "Blind_$2K_3:45": {
      "pnl": 66294.48000000877,
      "n": 3903,
      "wr": 24.212144504227517,
      "monthly_avg": 2367.660000000313,
      "worst_month": -2636.46,
      "worst_day": -1386.4199999999998,
      "max_dd": -4130.580000000003,
      "n_months": 28,
      "months_pos": 18,
      "sharpe": 3.192600886461207,
      "trades_per_mo": 139.39285714285714,
      "days_stopped": 0
    },
    "Blind_$2K_4:45": {
      "pnl": 112156.14000001186,
      "n": 4329,
      "wr": 24.000924000924,
      "monthly_avg": 4005.576428571852,
      "worst_month": -2422.38,
      "worst_day": -1490.7599999999998,
      "max_dd": -3714.300000000001,
      "n_months": 28,
      "months_pos": 25,
      "sharpe": 4.893392927393035,
      "trades_per_mo": 154.60714285714286,
      "days_stopped": 0
    },
    "Blind_$1.5K_3:45": {
      "pnl": 66294.48000000877,
      "n": 3903,
      "wr": 24.212144504227517,
      "monthly_avg": 2367.660000000313,
      "worst_month": -2636.46,
      "worst_day": -1386.4199999999998,
      "max_dd": -4130.580000000003,
      "n_months": 28,
      "months_pos": 18,
      "sharpe": 3.192600886461207,
      "trades_per_mo": 139.39285714285714,
      "days_stopped": 0
    },
    "Blind_$1.5K_4:45": {
      "pnl": 111466.14000001179,
      "n": 4329,
      "wr": 23.977823977823977,
      "monthly_avg": 3980.9335714289923,