{
  "timestamp": "2026-03-24 21:05:09.550212",
  "option_a_y2": {
    "pnl": 65428.08000000428,
    "n": 4388,
    "wr": 29.147675478577938,
    "monthly_avg": 5032.92923076956,
    "worst_month": -1837.9800000000203,
    "worst_day": -1627.62,
    "max_dd": -3605.159999999996,
    "bars_mean": 2.4881494986326342,
    "n_months": 13,
    "months_pos": 11,
    "sharpe": 4.899264191274679,
    "pf": 1.207759596136221,
    "trades_per_day": 17.007751937984494,
    "best_day": 2900.3399999999997
  },
  "option_a_blind": {
    "pnl": -39495.479999984855,
    "n": 10272,
    "wr": 29.371105919003114,
    "monthly_avg": -1410.5528571423163,
    "worst_month": -6864.000000000027,
    "worst_day": -1804.8599999999988,
    "max_dd": -55455.83999999996,
    "bars_mean": 2.777063862928349,
    "n_months": 28,
    "months_pos": 9,
    "sharpe": -1.6486470255908818,
    "pf": 0.9459523680498609,
    "trades_per_day": 17.71034482758621,
    "best_day": 2571.54
  },
  "option_b_y2": {
    "pnl": 58039.26000000183,
    "n": 4111,
    "wr": 22.451958161031378,
    "monthly_avg": 4464.558461538602,
    "worst_month": -1282.8000000000002,
    "worst_day": -1669.4399999999996,
    "max_dd": -5421.959999999999,
    "bars_mean": 3.870591097056677,
    "n_months": 13,
    "months_pos": 12,
    "sharpe": 4.158525073265934,
    "pf": 1.1748020847130576,
    "trades_per_day": 15.934108527131784,
    "best_day": 3079.0199999999986
  },
  "option_b_blind": {
    "pnl": -28732.319999993564,
    "n": 9273,
    "wr": 21.48172112584924,
    "monthly_avg": -1026.154285714056,
    "worst_month": -7124.88000000003,
    "worst_day": -1918.6799999999987,
    "max_dd": -43846.38000000006,
    "bars_mean": 4.61803084223013,
    "n_months": 28,
    "months_pos": 10,
    "sharpe": -1.082953634431019,
    "pf": 0.962046799690043,
    "trades_per_day": 15.98793103448276,
    "best_day": 2652.8999999999987
  },
  "best_option": "A",
  "mc_baseline": {
    "pass_rate": 0.6452,
    "blowup": 0.3548
  },
  "mc_conservative": {
    "pass_rate": 0.9504,
    "blowup": 0.0496
  },
  "verdict": "5m is WORSE \u2014 $5,033/mo vs $7,140/mo. Stick with 15m."
}