{
  "timestamp": "2026-03-24 21:31:53.146809",
  "winner": "LucidFlex",
  "y2": {
    "topstep": 6296.40000000024,
    "lucidflex": 7197.161538461869,
    "diff": 900.7615384616292
  },
  "blind": {
    "topstep": 2367.660000000313,
    "lucidflex": 4005.576428571852
  },
  "mc": {
    "topstep": {
      "pass": 0.998,
      "blow": 0.002
    },
    "lucidflex": {
      "pass": 0.9916,
      "blow": 0.0084
    }
  },
  "8yr": {
    "topstep": 2018.7504000001857,
    "lucidflex": 3136.7015999999917
  }
}